{
  "formation_energy_per_atom": {
    "rf": {
      "mae": 0.07464401718217983,
      "rmse": 0.13932011647228737,
      "r2": 0.9809971076784215,
      "n_train": 36962,
      "n_test": 4731
    },
    "xgb": {
      "mae": 0.07125080920660178,
      "rmse": 0.12235302634380392,
      "r2": 0.9853437966681197,
      "n_train": 36962,
      "n_test": 4731
    },
    "cgcnn": {
      "mae": 0.03405945003032684,
      "rmse": 0.0696957680475976,
      "r2": 0.9952443838119507,
      "n_train": 36962,
      "n_test": 4731
    },
    "m3gnet": {
      "mae": 0.32103357031166857,
      "rmse": 0.40956853046508335,
      "r2": 0.835772754214821,
      "n_train": 36962,
      "n_test": 4731
    },
    "tensornet": {
      "mae": 5.599068067305191,
      "rmse": 7.5781204042706864,
      "r2": -55.22313422823408,
      "n_train": 36962,
      "n_test": 4731
    }
  },
  "voltage": {
    "rf": {
      "mae": 0.4514329168732019,
      "rmse": 0.6380489631955144,
      "r2": 0.652912621032054,
      "n_train": 2934,
      "n_test": 368
    },
    "xgb": {
      "mae": 0.4336327017038317,
      "rmse": 0.613522716158192,
      "r2": 0.6790834592599212,
      "n_train": 2934,
      "n_test": 368
    },
    "cgcnn": {
      "mae": 0.49214497208595276,
      "rmse": 0.7279640543782763,
      "r2": 0.5481953620910645,
      "n_train": 2934,
      "n_test": 368
    },
    "m3gnet": {
      "mae": 6.251089987463892,
      "rmse": 6.355435775877312,
      "r2": -33.436695938566565,
      "n_train": 2934,
      "n_test": 368
    },
    "tensornet": {
      "mae": 34.420647548509,
      "rmse": 39.22951036680213,
      "r2": -1311.0687217058987,
      "n_train": 2934,
      "n_test": 368
    }
  },
  "capacity": {
    "rf": {
      "mae": 50.21888637535011,
      "rmse": 68.21505829872959,
      "r2": 0.4302086704050796,
      "n_train": 2934,
      "n_test": 368
    },
    "xgb": {
      "mae": 49.22051257134455,
      "rmse": 67.92441251895927,
      "r2": 0.43505377778499477,
      "n_train": 2934,
      "n_test": 368
    },
    "cgcnn": {
      "mae": 48.782100677490234,
      "rmse": 66.08548633328085,
      "r2": 0.46522945165634155,
      "n_train": 2934,
      "n_test": 368
    },
    "m3gnet": {
      "mae": 162.67328518140556,
      "rmse": 186.0788745272423,
      "r2": -3.239840005355682,
      "n_train": 2934,
      "n_test": 368
    },
    "tensornet": {
      "mae": 169.84718263843118,
      "rmse": 192.23491441589402,
      "r2": -3.52501334606701,
      "n_train": 2934,
      "n_test": 368
    }
  },
  "energy_above_hull": {
    "rf": {
      "mae": 0.027826509616431513,
      "rmse": 0.06829120711754631,
      "r2": 0.3826128945756,
      "n_train": 34583,
      "n_test": 4405
    },
    "xgb": {
      "mae": 0.029610345617211296,
      "rmse": 0.06811272046164436,
      "r2": 0.38583589679161834,
      "n_train": 34583,
      "n_test": 4405
    },
    "cgcnn": {
      "mae": 0.021096285432577133,
      "rmse": 0.04836754294286254,
      "r2": 0.6903036832809448,
      "n_train": 34583,
      "n_test": 4405
    },
    "m3gnet": {
      "mae": 3.4988752232238323,
      "rmse": 3.610462074802823,
      "r2": -1724.6533176828384,
      "n_train": 34583,
      "n_test": 4405
    },
    "tensornet": {
      "mae": 29.730028412480266,
      "rmse": 42.52540877468884,
      "r2": -239399.45407916312,
      "n_train": 34583,
      "n_test": 4405
    }
  }
}